Code,IndexSector
13010,TOPIX Small 2
13320,TOPIX Mid400
13330,TOPIX Mid400
13750,TOPIX Small 2
13770,TOPIX Small 1
13790,TOPIX Small 1
14140,TOPIX Mid400
14170,TOPIX Mid400
14190,TOPIX Small 1
14290,TOPIX Small 2
14300,TOPIX Small 2
14330,TOPIX Small 2
14350,TOPIX Small 2
15150,TOPIX Small 1
15180,TOPIX Small 1
16050,TOPIX Mid400
16620,TOPIX Small 1
16630,TOPIX Small 2
17120,TOPIX Small 2
17160,TOPIX Small 2
17190,TOPIX Small 1
17200,TOPIX Small 1
17210,TOPIX Mid400
17260,TOPIX Small 2
17620,TOPIX Small 1
17660,TOPIX Small 1
17800,TOPIX Small 2
17860,TOPIX Small 1
18010,TOPIX Mid400
18020,TOPIX Mid400
18030,TOPIX Mid400
18050,TOPIX Small 2
18080,TOPIX Mid400
18100,TOPIX Small 2
18120,TOPIX Mid400
18130,TOPIX Small 2
18140,TOPIX Small 2
18150,TOPIX Small 2
18200,TOPIX Mid400
18210,TOPIX Small 1
18220,TOPIX Small 1
18330,TOPIX Small 1
18350,TOPIX Small 1
18470,TOPIX Small 2
18520,TOPIX Small 1
18600,TOPIX Mid400
18610,TOPIX Small 1
18700,TOPIX Small 2
18710,TOPIX Small 2
18730,TOPIX Small 2
18780,TOPIX Mid400
18790,TOPIX Small 2
18820,TOPIX Small 2
18840,TOPIX Small 1
18850,TOPIX Small 1
18870,TOPIX Small 2
18880,TOPIX Small 2
18900,TOPIX Small 1
18930,TOPIX Mid400
18980,TOPIX Small 2
18990,TOPIX Small 2
19110,TOPIX Mid400
19250,TOPIX Large70
19260,TOPIX Small 1
19280,TOPIX Large70
19290,TOPIX Small 2
19300,TOPIX Small 2
19340,TOPIX Small 2
19380,TOPIX Small 2
19390,TOPIX Small 2
19410,TOPIX Small 1
19420,TOPIX Small 1
19440,TOPIX Mid400
19450,TOPIX Small 2
19460,TOPIX Small 2
19490,TOPIX Small 2
19500,TOPIX Small 2
19510,TOPIX Mid400
19520,TOPIX Small 2
19540,TOPIX Small 1
19590,TOPIX Mid400
19610,TOPIX Small 1
19630,TOPIX Mid400
19640,TOPIX Small 2
19680,TOPIX Small 2
19690,TOPIX Small 1
19730,TOPIX Small 1
19750,TOPIX Small 2
19760,TOPIX Small 2
19790,TOPIX Small 1
19800,TOPIX Small 2
19820,TOPIX Small 2
20010,TOPIX Small 1
20020,TOPIX Mid400
20040,TOPIX Small 1
20530,TOPIX Small 2
20600,TOPIX Small 2
21080,TOPIX Small 2
21090,TOPIX Small 2
21170,TOPIX Small 2
21200,TOPIX Small 2
21210,TOPIX Small 1
21240,TOPIX Small 1
21270,TOPIX Mid400
21300,TOPIX Small 2
21460,TOPIX Small 1
21480,TOPIX Small 2
21530,TOPIX Small 2
21540,TOPIX Small 1
21570,TOPIX Small 1
21630,TOPIX Small 2
21680,TOPIX Small 1
21700,TOPIX Small 1
21750,TOPIX Mid400
21800,TOPIX Small 2
21810,TOPIX Mid400
21830,TOPIX Small 2
21960,TOPIX Small 2
21980,TOPIX Small 2
22010,TOPIX Mid400
22040,TOPIX Small 2
22060,TOPIX Mid400
22070,TOPIX Small 2
22090,TOPIX Small 2
22110,TOPIX Small 2
22120,TOPIX Mid400
22170,TOPIX Small 2
22200,TOPIX Small 1
22220,TOPIX Small 1
22290,TOPIX Mid400
22640,TOPIX Mid400
22660,TOPIX Small 2
22670,TOPIX Mid400
22690,TOPIX Mid400
22700,TOPIX Small 1
22810,TOPIX Small 1
22820,TOPIX Mid400
22880,TOPIX Small 2
22920,TOPIX Small 1
22940,TOPIX Small 2
22960,TOPIX Small 1
23010,TOPIX Small 2
23050,TOPIX Small 2
23070,TOPIX Small 2
23090,TOPIX Small 2
23110,TOPIX Small 2
23170,TOPIX Small 1
23250,TOPIX Small 2
23260,TOPIX Small 1
23270,TOPIX Small 1
23310,TOPIX Mid400
23350,TOPIX Small 2
23370,TOPIX Small 1
23530,TOPIX Small 1
23590,TOPIX Small 2
23710,TOPIX Mid400
23720,TOPIX Small 2
23740,TOPIX Small 2
23780,TOPIX Small 2
23790,TOPIX Small 1
23840,TOPIX Small 1
23890,TOPIX Small 2
23950,TOPIX Small 1
24100,TOPIX Small 2
24120,TOPIX Mid400
24130,TOPIX Large70
24180,TOPIX Small 2
24240,TOPIX Small 2
24270,TOPIX Mid400
24280,TOPIX Small 2
24290,TOPIX Small 2
24320,TOPIX Mid400
24330,TOPIX Mid400
24400,TOPIX Small 2
24450,TOPIX Small 2
24530,TOPIX Small 2
24610,TOPIX Small 2
24620,TOPIX Small 2
24640,TOPIX Small 2
24710,TOPIX Small 1
24750,TOPIX Small 2
24770,TOPIX Small 2
24890,TOPIX Small 2
24910,TOPIX Small 1
24920,TOPIX Small 1
25010,TOPIX Mid400
25020,TOPIX Large70
25030,TOPIX Large70
25310,TOPIX Mid400
25330,TOPIX Small 2
25400,TOPIX Small 2
25790,TOPIX Mid400
25870,TOPIX Mid400
25900,TOPIX Small 1
25930,TOPIX Mid400
25940,TOPIX Small 1
26020,TOPIX Small 1
26070,TOPIX Mid400
26130,TOPIX Small 2
26510,TOPIX Mid400
26590,TOPIX Small 1
26640,TOPIX Small 1
26700,TOPIX Mid400
26740,TOPIX Small 2
26760,TOPIX Small 2
26780,TOPIX Small 1
26810,TOPIX Small 1
26850,TOPIX Small 1
26920,TOPIX Small 2
26950,TOPIX Small 1
27150,TOPIX Small 2
27220,TOPIX Small 2
27260,TOPIX Small 1
27300,TOPIX Small 1
27330,TOPIX Small 1
27340,TOPIX Small 2
27350,TOPIX Small 2
27370,TOPIX Small 2
27420,TOPIX Small 2
27490,TOPIX Small 2
27520,TOPIX Small 2
27530,TOPIX Small 2
27600,TOPIX Small 1
27640,TOPIX Small 2
27670,TOPIX Small 2
27680,TOPIX Mid400
27840,TOPIX Mid400
27910,TOPIX Small 1
27920,TOPIX Small 2
27960,TOPIX Small 2
28010,TOPIX Mid400
28020,TOPIX Large70
28040,TOPIX Small 2
28090,TOPIX Mid400
28100,TOPIX Mid400
28110,TOPIX Mid400
28150,TOPIX Mid400
28180,TOPIX Small 2
28200,TOPIX Small 2
28710,TOPIX Mid400
28740,TOPIX Small 2
28750,TOPIX Mid400
28820,TOPIX Small 2
28840,TOPIX Small 2
28970,TOPIX Mid400
28990,TOPIX Small 2
29040,TOPIX Small 2
29080,TOPIX Small 1
29100,TOPIX Small 1
29140,TOPIX Large70
29150,TOPIX Small 2
29180,TOPIX Small 1
29220,TOPIX Small 2
29290,TOPIX Small 1
29300,TOPIX Small 2
29310,TOPIX Small 1
29330,TOPIX Small 2
29350,TOPIX Small 2
29750,TOPIX Small 2
29800,TOPIX Small 2
29820,TOPIX Small 2
30020,TOPIX Small 1
30030,TOPIX Mid400
30280,TOPIX Small 1
30300,TOPIX Small 2
30310,TOPIX Small 1
30340,TOPIX Small 1
30360,TOPIX Small 1
30380,TOPIX Mid400
30400,TOPIX Small 2
30460,TOPIX Small 1
30480,TOPIX Small 1
30500,TOPIX Small 1
30530,TOPIX Small 2
30540,TOPIX Small 2
30640,TOPIX Mid400
30670,TOPIX Small 2
30730,TOPIX Small 2
30760,TOPIX Small 1
30850,TOPIX Small 1
30860,TOPIX Mid400
30870,TOPIX Small 1
30880,TOPIX Mid400
30910,TOPIX Small 2
30920,TOPIX Mid400
30930,TOPIX Small 2
30970,TOPIX Small 1
30990,TOPIX Mid400
31010,TOPIX Mid400
31030,TOPIX Small 2
31040,TOPIX Small 2
31050,TOPIX Mid400
31060,TOPIX Small 2
31070,TOPIX Mid400
31090,TOPIX Small 2
31100,TOPIX Small 1
31160,TOPIX Mid400
31320,TOPIX Small 1
31340,TOPIX Small 2
31350,TOPIX Small 2
31390,TOPIX Small 2
31410,TOPIX Mid400
31480,TOPIX Small 1
31500,TOPIX Small 2
31510,TOPIX Small 2
31530,TOPIX Small 2
31540,TOPIX Small 2
31560,TOPIX Small 2
31660,TOPIX Small 2
31670,TOPIX Small 1
31730,TOPIX Small 2
31760,TOPIX Small 2
31790,TOPIX Small 2
31800,TOPIX Small 2
31820,TOPIX Small 1
31830,TOPIX Small 2
31860,TOPIX Small 1
31910,TOPIX Small 1
31930,TOPIX Small 2
31960,TOPIX Small 2
31970,TOPIX Mid400
31980,TOPIX Small 2
31990,TOPIX Small 2
32010,TOPIX Small 1
32210,TOPIX Small 2
32280,TOPIX Small 2
32310,TOPIX Mid400
32320,TOPIX Small 2
32440,TOPIX Small 1
32450,TOPIX Small 2
32520,TOPIX Small 2
32670,TOPIX Small 2
32750,TOPIX Small 2
32760,TOPIX Small 2
32840,TOPIX Small 2
32880,TOPIX Mid400
32890,TOPIX Mid400
32910,TOPIX Mid400
32990,TOPIX Small 2
33020,TOPIX Small 2
33150,TOPIX Small 2
33190,TOPIX Small 2
33280,TOPIX Small 1
33330,TOPIX Small 2
33410,TOPIX Small 2
33490,TOPIX Mid400
33600,TOPIX Mid400
33710,TOPIX Small 1
33820,TOPIX Core30
33870,TOPIX Small 1
33880,TOPIX Small 2
33910,TOPIX Mid400
33930,TOPIX Small 2
33950,TOPIX Small 2
33970,TOPIX Small 1
34010,TOPIX Mid400
34020,TOPIX Large70
34050,TOPIX Mid400
34070,TOPIX Large70
34150,TOPIX Small 2
34310,TOPIX Small 2
34330,TOPIX Small 1
34360,TOPIX Mid400
34430,TOPIX Small 2
34450,TOPIX Small 1
34460,TOPIX Small 2
34520,TOPIX Small 2
34540,TOPIX Small 2
34570,TOPIX Small 2
34580,TOPIX Small 2
34640,TOPIX Small 2
34650,TOPIX Small 1
34670,TOPIX Small 2
34750,TOPIX Small 2
34800,TOPIX Small 2
34820,TOPIX Small 2
34840,TOPIX Small 2
34860,TOPIX Small 2
34890,TOPIX Small 2
35010,TOPIX Small 2
35210,TOPIX Small 2
35260,TOPIX Small 2
35290,TOPIX Small 2
35380,TOPIX Small 2
35390,TOPIX Small 1
35430,TOPIX Small 1
35440,TOPIX Small 2
35460,TOPIX Small 2
35480,TOPIX Small 2
35490,TOPIX Mid400
35590,TOPIX Small 2
35610,TOPIX Small 2
35630,TOPIX Mid400
35650,TOPIX Small 2
35690,TOPIX Small 1
35800,TOPIX Small 2
35910,TOPIX Mid400
35930,TOPIX Small 1
36080,TOPIX Small 2
36110,TOPIX Small 2
36120,TOPIX Small 1
36260,TOPIX Mid400
36270,TOPIX Small 2
36320,TOPIX Small 1
36330,TOPIX Small 2
36350,TOPIX Mid400
36360,TOPIX Small 1
36490,TOPIX Small 2
36550,TOPIX Small 2
36560,TOPIX Small 2
36570,TOPIX Small 1
36590,TOPIX Mid400
36600,TOPIX Small 1
36610,TOPIX Small 1
36620,TOPIX Small 2
36650,TOPIX Small 2
36660,TOPIX Small 2
36680,TOPIX Small 1
36730,TOPIX Small 1
36750,TOPIX Small 2
36760,TOPIX Small 2
36770,TOPIX Small 2
36780,TOPIX Small 2
36790,TOPIX Small 2
36810,TOPIX Small 1
36830,TOPIX Small 2
36870,TOPIX Small 2
36880,TOPIX Small 2
36940,TOPIX Small 2
36960,TOPIX Small 2
36970,TOPIX Mid400
37080,TOPIX Small 1
37380,TOPIX Small 1
37410,TOPIX Small 2
37620,TOPIX Small 1
37630,TOPIX Small 2
37650,TOPIX Mid400
37690,TOPIX Mid400
37710,TOPIX Small 2
37740,TOPIX Mid400
37780,TOPIX Small 2
37880,TOPIX Small 2
38170,TOPIX Small 2
38340,TOPIX Small 2
38350,TOPIX Small 2
38360,TOPIX Small 1
38370,TOPIX Small 2
38390,TOPIX Small 2
38430,TOPIX Small 2
38440,TOPIX Small 1
38530,TOPIX Small 2
38540,TOPIX Small 2
38610,TOPIX Mid400
38630,TOPIX Small 1
38640,TOPIX Small 2
38650,TOPIX Small 1
38770,TOPIX Small 2
38800,TOPIX Mid400
39010,TOPIX Small 2
39020,TOPIX Small 1
39030,TOPIX Small 1
39120,TOPIX Small 2
39150,TOPIX Small 2
39160,TOPIX Small 2
39180,TOPIX Small 2
39210,TOPIX Small 2
39220,TOPIX Small 2
39230,TOPIX Mid400
39240,TOPIX Small 2
39250,TOPIX Small 2
39260,TOPIX Small 1
39280,TOPIX Small 2
39320,TOPIX Small 1
39340,TOPIX Small 2
39370,TOPIX Small 2
39390,TOPIX Small 2
39400,TOPIX Small 2
39410,TOPIX Mid400
39460,TOPIX Small 2
39500,TOPIX Small 2
39620,TOPIX Small 1
39630,TOPIX Small 2
39640,TOPIX Small 2
39680,TOPIX Small 2
39780,TOPIX Small 1
39810,TOPIX Small 2
39830,TOPIX Small 2
39840,TOPIX Small 2
39850,TOPIX Small 2
39920,TOPIX Small 2
39940,TOPIX Mid400
39960,TOPIX Small 2
40040,TOPIX Mid400
40050,TOPIX Mid400
40080,TOPIX Small 2
40210,TOPIX Mid400
40220,TOPIX Small 2
40230,TOPIX Small 1
40250,TOPIX Small 2
40270,TOPIX Small 2
40280,TOPIX Small 1
40410,TOPIX Small 1
40420,TOPIX Mid400
40430,TOPIX Mid400
40440,TOPIX Small 1
40450,TOPIX Mid400
40460,TOPIX Small 1
40470,TOPIX Small 1
40610,TOPIX Mid400
40620,TOPIX Mid400
40630,TOPIX Core30
40640,TOPIX Small 2
40720,TOPIX Small 2
40780,TOPIX Small 2
40820,TOPIX Small 1
40880,TOPIX Mid400
40910,TOPIX Mid400
40920,TOPIX Small 2
40930,TOPIX Small 2
40950,TOPIX Small 1
40970,TOPIX Small 2
40980,TOPIX Small 2
40990,TOPIX Small 2
41000,TOPIX Small 2
41090,TOPIX Small 1
41120,TOPIX Small 2
41140,TOPIX Mid400
41160,TOPIX Small 2
41180,TOPIX Mid400
41510,TOPIX Mid400
41820,TOPIX Mid400
41830,TOPIX Mid400
41850,TOPIX Mid400
41860,TOPIX Mid400
41870,TOPIX Small 1
41880,TOPIX Large70
41890,TOPIX Small 1
42020,TOPIX Mid400
42030,TOPIX Mid400
42040,TOPIX Mid400
42050,TOPIX Mid400
42060,TOPIX Mid400
42080,TOPIX Mid400
42120,TOPIX Small 2
42150,TOPIX Small 2
42160,TOPIX Small 2
42180,TOPIX Small 2
42200,TOPIX Small 2
42210,TOPIX Small 2
42280,TOPIX Small 2
42290,TOPIX Small 2
42450,TOPIX Small 2
42460,TOPIX Small 2
42480,TOPIX Small 2
42490,TOPIX Small 2
42510,TOPIX Small 1
42720,TOPIX Mid400
42750,TOPIX Small 2
42840,TOPIX Small 2
42860,TOPIX Small 2
42900,TOPIX Small 1
42950,TOPIX Small 2
42980,TOPIX Small 2
42990,TOPIX Small 2
43010,TOPIX Small 2
43070,TOPIX Mid400
43100,TOPIX Small 2
43180,TOPIX Small 2
43200,TOPIX Small 2
43230,TOPIX Small 2
43240,TOPIX Mid400
43260,TOPIX Small 1
43310,TOPIX Small 2
43330,TOPIX Small 2
43370,TOPIX Small 2
43430,TOPIX Small 2
43440,TOPIX Small 2
43450,TOPIX Small 2
43460,TOPIX Small 2
43480,TOPIX Small 1
43500,TOPIX Small 2
43620,TOPIX Small 2
43680,TOPIX Small 1
43690,TOPIX Small 1
43730,TOPIX Small 1
43820,TOPIX Small 2
43840,TOPIX Small 1
43850,TOPIX Mid400
43900,TOPIX Small 2
43920,TOPIX Small 2
43960,TOPIX Small 2
44010,TOPIX Mid400
44030,TOPIX Mid400
44100,TOPIX Small 2
44200,TOPIX Small 2
44230,TOPIX Small 1
44320,TOPIX Small 1
44330,TOPIX Small 2
44340,TOPIX Small 2
44390,TOPIX Small 2
44410,TOPIX Small 2
44430,TOPIX Mid400
44460,TOPIX Small 2
44490,TOPIX Small 1
44520,TOPIX Large70
44610,TOPIX Small 2
44620,TOPIX Small 2
44630,TOPIX Small 2
44650,TOPIX Small 2
44710,TOPIX Small 1
44810,TOPIX Small 2
44830,TOPIX Mid400
45020,TOPIX Core30
45030,TOPIX Core30
45060,TOPIX Mid400
45070,TOPIX Large70
45160,TOPIX Mid400
45190,TOPIX Large70
45210,TOPIX Mid400
45230,TOPIX Large70
45260,TOPIX Small 2
45270,TOPIX Mid400
45280,TOPIX Large70
45300,TOPIX Mid400
45340,TOPIX Small 1
45360,TOPIX Mid400
45380,TOPIX Small 2
45390,TOPIX Small 2
45400,TOPIX Mid400
45410,TOPIX Small 2
45430,TOPIX Large70
45440,TOPIX Mid400
45470,TOPIX Small 1
45480,TOPIX Small 2
45490,TOPIX Small 1
45510,TOPIX Small 1
45520,TOPIX Mid400
45530,TOPIX Small 1
45540,TOPIX Small 2
45590,TOPIX Small 1
45680,TOPIX Core30
45690,TOPIX Small 1
45740,TOPIX Small 2
45770,TOPIX Small 1
45780,TOPIX Large70
45870,TOPIX Mid400
46110,TOPIX Small 2
46120,TOPIX Mid400
46130,TOPIX Mid400
46170,TOPIX Small 1
46190,TOPIX Small 2
46200,TOPIX Small 2
46260,TOPIX Small 1
46310,TOPIX Mid400
46330,TOPIX Small 2
46340,TOPIX Small 1
46360,TOPIX Small 2
46410,TOPIX Small 2
46510,TOPIX Small 2
46530,TOPIX Small 2
46580,TOPIX Small 2
46610,TOPIX Large70
46620,TOPIX Small 2
46650,TOPIX Mid400
46660,TOPIX Mid400
46680,TOPIX Small 2
46710,TOPIX Small 2
46740,TOPIX Small 2
46760,TOPIX Mid400
46800,TOPIX Small 1
46810,TOPIX Mid400
46840,TOPIX Mid400
46860,TOPIX Mid400
46870,TOPIX Small 2
46890,TOPIX Large70
46940,TOPIX Small 1
47040,TOPIX Mid400
47080,TOPIX Small 1
47090,TOPIX Small 2
47140,TOPIX Small 1
47180,TOPIX Small 2
47190,TOPIX Small 2
47220,TOPIX Small 1
47250,TOPIX Small 2
47260,TOPIX Small 2
47320,TOPIX Mid400
47330,TOPIX Small 1
47390,TOPIX Mid400
47430,TOPIX Small 2
47450,TOPIX Small 2
47510,TOPIX Mid400
47550,TOPIX Mid400
47630,TOPIX Small 2
47650,TOPIX Small 2
47670,TOPIX Small 2
47680,TOPIX Mid400
47760,TOPIX Small 1
47920,TOPIX Small 2
48010,TOPIX Small 2
48090,TOPIX Small 2
48120,TOPIX Small 1
48130,TOPIX Small 2
48190,TOPIX Small 1
48200,TOPIX Small 2
48250,TOPIX Small 1
48260,TOPIX Small 2
48280,TOPIX Small 2
48390,TOPIX Small 2
48450,TOPIX Small 2
48470,TOPIX Small 2
48480,TOPIX Small 1
48490,TOPIX Small 1
48860,TOPIX Small 2
48870,TOPIX Mid400
49010,TOPIX Large70
49020,TOPIX Mid400
49110,TOPIX Large70
49120,TOPIX Mid400
49140,TOPIX Small 2
49170,TOPIX Small 1
49190,TOPIX Mid400
49210,TOPIX Mid400
49220,TOPIX Mid400
49230,TOPIX Small 2
49270,TOPIX Mid400
49280,TOPIX Small 1
49290,TOPIX Small 2
49310,TOPIX Small 2
49510,TOPIX Small 2
49550,TOPIX Small 2
49560,TOPIX Small 2
49580,TOPIX Small 1
49630,TOPIX Small 2
49670,TOPIX Mid400
49680,TOPIX Small 2
49710,TOPIX Small 1
49730,TOPIX Small 2
49740,TOPIX Small 1
49750,TOPIX Small 1
49770,TOPIX Small 2
49790,TOPIX Small 2
49800,TOPIX Mid400
49850,TOPIX Small 1
49960,TOPIX Small 1
49970,TOPIX Small 2
50110,TOPIX Small 2
50170,TOPIX Small 2
50180,TOPIX Small 2
50190,TOPIX Mid400
50200,TOPIX Large70
50210,TOPIX Mid400
50740,TOPIX Small 2
50760,TOPIX Mid400
51010,TOPIX Mid400
51050,TOPIX Mid400
51080,TOPIX Large70
51100,TOPIX Mid400
51210,TOPIX Small 2
51220,TOPIX Small 2
51280,TOPIX Small 2
51420,TOPIX Small 2
51850,TOPIX Small 2
51860,TOPIX Small 1
51910,TOPIX Small 2
51920,TOPIX Small 1
51950,TOPIX Small 2
52010,TOPIX Mid400
52020,TOPIX Small 1
52080,TOPIX Small 1
52140,TOPIX Mid400
52320,TOPIX Mid400
52330,TOPIX Mid400
52610,TOPIX Small 2
52620,TOPIX Small 2
52690,TOPIX Small 2
52880,TOPIX Small 2
53010,TOPIX Mid400
53020,TOPIX Small 1
53100,TOPIX Small 1
53310,TOPIX Small 1
53320,TOPIX Mid400
53330,TOPIX Mid400
53340,TOPIX Mid400
53440,TOPIX Small 1
53510,TOPIX Small 2
53520,TOPIX Small 2
53570,TOPIX Small 2
53670,TOPIX Small 2
53840,TOPIX Small 1
53930,TOPIX Small 1
54010,TOPIX Large70
54060,TOPIX Mid400
54080,TOPIX Small 2
54100,TOPIX Small 2
54110,TOPIX Mid400
54230,TOPIX Small 1
54400,TOPIX Small 1
54440,TOPIX Mid400
54450,TOPIX Small 2
54510,TOPIX Small 1
54630,TOPIX Mid400
54710,TOPIX Mid400
54800,TOPIX Small 1
54810,TOPIX Small 1
54820,TOPIX Small 2
54860,TOPIX Mid400
54910,TOPIX Small 2
55410,TOPIX Small 1
55630,TOPIX Small 1
56020,TOPIX Small 2
56310,TOPIX Mid400
56320,TOPIX Small 2
56590,TOPIX Small 2
56980,TOPIX Small 2
57020,TOPIX Small 1
57030,TOPIX Small 1
57060,TOPIX Mid400
57070,TOPIX Small 2
57110,TOPIX Mid400
57130,TOPIX Large70
57140,TOPIX Mid400
57150,TOPIX Small 2
57260,TOPIX Small 1
57270,TOPIX Small 1
57410,TOPIX Small 1
57570,TOPIX Small 2
58010,TOPIX Mid400
58020,TOPIX Large70
58030,TOPIX Mid400
58050,TOPIX Small 1
58090,TOPIX Small 2
58210,TOPIX Small 2
58300,TOPIX Mid400
58310,TOPIX Mid400
58320,TOPIX Mid400
58510,TOPIX Small 1
58520,TOPIX Small 2
58570,TOPIX Small 1
59010,TOPIX Mid400
59020,TOPIX Small 2
59110,TOPIX Small 1
59150,TOPIX Small 2
59290,TOPIX Mid400
59300,TOPIX Small 1
59320,TOPIX Small 2
59330,TOPIX Small 2
59380,TOPIX Mid400
59430,TOPIX Small 1
59460,TOPIX Small 2
59470,TOPIX Mid400
59490,TOPIX Small 1
59570,TOPIX Small 2
59590,TOPIX Small 2
59700,TOPIX Small 2
59750,TOPIX Small 1
59760,TOPIX Small 2
59810,TOPIX Small 2
59850,TOPIX Small 2
59880,TOPIX Small 1
59890,TOPIX Small 2
59910,TOPIX Mid400
59920,TOPIX Small 2
60050,TOPIX Mid400
60130,TOPIX Small 1
60280,TOPIX Mid400
60350,TOPIX Small 1
60360,TOPIX Small 1
60470,TOPIX Small 2
60500,TOPIX Small 2
60540,TOPIX Small 2
60550,TOPIX Small 1
60580,TOPIX Small 1
60620,TOPIX Small 2
60700,TOPIX Small 2
60710,TOPIX Small 2
60730,TOPIX Small 2
60780,TOPIX Small 2
60800,TOPIX Small 1
60820,TOPIX Small 2
60870,TOPIX Small 2
60880,TOPIX Small 1
60890,TOPIX Small 2
60930,TOPIX Small 2
60950,TOPIX Small 1
60960,TOPIX Small 2
60980,TOPIX Core30
60990,TOPIX Small 1
61010,TOPIX Small 1
61030,TOPIX Mid400
61040,TOPIX Small 1
61130,TOPIX Mid400
61180,TOPIX Small 1
61340,TOPIX Mid400
61350,TOPIX Small 1
61360,TOPIX Mid400
61400,TOPIX Small 1
61410,TOPIX Mid400
61430,TOPIX Small 1
61460,TOPIX Mid400
61510,TOPIX Small 2
61570,TOPIX Small 2
61650,TOPIX Small 2
61670,TOPIX Small 2
61710,TOPIX Small 2
61780,TOPIX Large70
61830,TOPIX Small 1
61840,TOPIX Small 2
61850,TOPIX Small 2
61890,TOPIX Small 2
61910,TOPIX Small 1
61940,TOPIX Small 1
61960,TOPIX Small 1
61970,TOPIX Small 1
61990,TOPIX Small 2
62000,TOPIX Small 1
62010,TOPIX Mid400
62030,TOPIX Small 2
62100,TOPIX Small 2
62180,TOPIX Small 2
62220,TOPIX Small 1
62350,TOPIX Small 1
62370,TOPIX Small 2
62380,TOPIX Small 2
62400,TOPIX Small 2
62470,TOPIX Small 2
62500,TOPIX Small 1
62540,TOPIX Small 2
62580,TOPIX Small 1
62620,TOPIX Small 2
62640,TOPIX Small 2
62660,TOPIX Small 2
62680,TOPIX Mid400
62690,TOPIX Small 1
62720,TOPIX Small 2
62730,TOPIX Core30
62770,TOPIX Small 1
62780,TOPIX Small 2
62820,TOPIX Small 2
62840,TOPIX Small 1
62870,TOPIX Small 1
62890,TOPIX Small 1
62910,TOPIX Small 2
62930,TOPIX Small 2
62940,TOPIX Small 2
62980,TOPIX Small 2
63010,TOPIX Large70
63020,TOPIX Mid400
63050,TOPIX Mid400
63060,TOPIX Small 2
63090,TOPIX Small 2
63100,TOPIX Small 2
63150,TOPIX Small 1
63170,TOPIX Small 2
63230,TOPIX Small 1
63260,TOPIX Large70
63280,TOPIX Small 2
63300,TOPIX Small 2
63310,TOPIX Small 2
63320,TOPIX Small 2
63330,TOPIX Small 2
63390,TOPIX Small 2
63400,TOPIX Small 2
63450,TOPIX Small 2
63490,TOPIX Small 2
63510,TOPIX Small 2
63580,TOPIX Small 2
63610,TOPIX Mid400
63630,TOPIX Small 2
63640,TOPIX Small 2
63670,TOPIX Core30
63680,TOPIX Small 1
63690,TOPIX Small 2
63700,TOPIX Mid400
63710,TOPIX Small 1
63760,TOPIX Small 1
63790,TOPIX Small 2
63810,TOPIX Small 2
63830,TOPIX Mid400
63870,TOPIX Small 2
63900,TOPIX Small 2
63950,TOPIX Mid400
64060,TOPIX Mid400
64070,TOPIX Small 1
64090,TOPIX Small 1
64120,TOPIX Small 1
64130,TOPIX Small 1
64170,TOPIX Mid400
64180,TOPIX Small 2
64190,TOPIX Small 2
64200,TOPIX Small 2
64280,TOPIX Small 2
64300,TOPIX Small 2
64320,TOPIX Small 1
64360,TOPIX Mid400
64400,TOPIX Small 2
64440,TOPIX Small 2
64450,TOPIX Small 2
64480,TOPIX Mid400
64540,TOPIX Small 2
64550,TOPIX Small 2
64570,TOPIX Mid400
64580,TOPIX Small 2
64590,TOPIX Small 2
64600,TOPIX Mid400
64610,TOPIX Small 2
64620,TOPIX Small 2
64630,TOPIX Small 1
64640,TOPIX Small 1
64650,TOPIX Mid400
64700,TOPIX Small 2
64710,TOPIX Mid400
64720,TOPIX Mid400
64730,TOPIX Mid400
64740,TOPIX Small 1
64790,TOPIX Mid400
64800,TOPIX Small 1
64810,TOPIX Mid400
64820,TOPIX Small 2
64850,TOPIX Small 2
64860,TOPIX Small 2
64900,TOPIX Small 1
64980,TOPIX Small 1
65010,TOPIX Core30
65020,TOPIX Large70
65030,TOPIX Large70
65040,TOPIX Mid400
65060,TOPIX Mid400
65070,TOPIX Small 1
65080,TOPIX Small 1
65160,TOPIX Small 1
65170,TOPIX Small 2
65230,TOPIX Small 1
65260,TOPIX Small 2
65320,TOPIX Mid400
65330,TOPIX Small 2
65350,TOPIX Small 2
65380,TOPIX Small 2
65390,TOPIX Small 2
65440,TOPIX Small 1
65560,TOPIX Small 2
65600,TOPIX Small 2
65640,TOPIX Small 1
65690,TOPIX Small 2
65710,TOPIX Small 2
65720,TOPIX Small 2
65840,TOPIX Small 1
65860,TOPIX Mid400
65880,TOPIX Small 1
65900,TOPIX Small 1
65920,TOPIX Mid400
65940,TOPIX Core30
66150,TOPIX Small 2
66160,TOPIX Small 1
66170,TOPIX Small 2
66190,TOPIX Small 1
66200,TOPIX Small 2
66220,TOPIX Small 1
66300,TOPIX Small 1
66320,TOPIX Small 1
66380,TOPIX Small 2
66400,TOPIX Small 2
66410,TOPIX Small 1
66440,TOPIX Small 2
66450,TOPIX Large70
66510,TOPIX Small 1
66520,TOPIX Small 1
66530,TOPIX Small 2
66740,TOPIX Mid400
66750,TOPIX Small 2
66760,TOPIX Small 2
66780,TOPIX Small 2
66990,TOPIX Small 2
67010,TOPIX Mid400
67020,TOPIX Large70
67030,TOPIX Small 1
67040,TOPIX Small 2
67060,TOPIX Small 2
67070,TOPIX Small 1
67180,TOPIX Small 2
67230,TOPIX Large70
67240,TOPIX Mid400
67270,TOPIX Small 1
67280,TOPIX Mid400
67370,TOPIX Small 1
67400,TOPIX Small 1
67410,TOPIX Small 2
67420,TOPIX Small 2
67440,TOPIX Small 1
67450,TOPIX Small 2
67500,TOPIX Small 1
67520,TOPIX Large70
67530,TOPIX Mid400
67540,TOPIX Mid400
67550,TOPIX Mid400
67580,TOPIX Core30
67620,TOPIX Mid400
67630,TOPIX Small 2
67680,TOPIX Small 1
67700,TOPIX Mid400
67790,TOPIX Small 2
67850,TOPIX Small 2
67870,TOPIX Small 1
67880,TOPIX Small 2
67890,TOPIX Small 2
67940,TOPIX Small 2
67980,TOPIX Small 2
68000,TOPIX Small 1
68040,TOPIX Small 1
68060,TOPIX Mid400
68070,TOPIX Small 1
68090,TOPIX Small 2
68100,TOPIX Small 1
68140,TOPIX Small 2
68170,TOPIX Small 2
68200,TOPIX Small 2
68230,TOPIX Small 2
68410,TOPIX Mid400
68440,TOPIX Small 1
68450,TOPIX Mid400
68490,TOPIX Mid400
68500,TOPIX Small 2
68530,TOPIX Small 2
68560,TOPIX Mid400
68570,TOPIX Mid400
68590,TOPIX Small 1
68610,TOPIX Core30
68660,TOPIX Small 1
68690,TOPIX Large70
68710,TOPIX Small 1
68750,TOPIX Small 1
68790,TOPIX Small 2
69020,TOPIX Large70
69040,TOPIX Small 2
69050,TOPIX Small 2
69080,TOPIX Small 1
69140,TOPIX Small 1
69200,TOPIX Large70
69230,TOPIX Mid400
69240,TOPIX Small 2
69250,TOPIX Mid400
69280,TOPIX Small 2
69290,TOPIX Small 1
69320,TOPIX Small 2
69370,TOPIX Small 2
69410,TOPIX Small 2
69470,TOPIX Small 1
69510,TOPIX Mid400
69520,TOPIX Mid400
69540,TOPIX Core30
69580,TOPIX Small 2
69610,TOPIX Small 1
69620,TOPIX Small 1
69630,TOPIX Mid400
69650,TOPIX Mid400
69660,TOPIX Small 1
69670,TOPIX Mid400
69710,TOPIX Large70
69760,TOPIX Mid400
69810,TOPIX Core30
69860,TOPIX Small 2
69880,TOPIX Mid400
69890,TOPIX Small 2
69950,TOPIX Small 1
69960,TOPIX Small 1
69970,TOPIX Small 1
69990,TOPIX Small 1
70030,TOPIX Small 1
70040,TOPIX Small 1
70110,TOPIX Large70
70120,TOPIX Mid400
70130,TOPIX Mid400
70300,TOPIX Small 2
70330,TOPIX Small 1
70340,TOPIX Small 2
70350,TOPIX Small 2
70370,TOPIX Small 2
70380,TOPIX Small 2
70440,TOPIX Small 2
70590,TOPIX Small 2
70600,TOPIX Small 2
70850,TOPIX Small 1
70880,TOPIX Small 2
70920,TOPIX Small 2
71020,TOPIX Small 2
71280,TOPIX Small 1
71300,TOPIX Small 2
71350,TOPIX Small 2
71480,TOPIX Small 1
71640,TOPIX Mid400
71670,TOPIX Mid400
71720,TOPIX Small 2
71730,TOPIX Small 1
71800,TOPIX Mid400
71810,TOPIX Mid400
71820,TOPIX Mid400
71840,TOPIX Small 2
71860,TOPIX Mid400
71870,TOPIX Small 2
71890,TOPIX Small 1
71910,TOPIX Small 2
71960,TOPIX Small 2
71980,TOPIX Small 1
71990,TOPIX Small 1
72010,TOPIX Large70
72020,TOPIX Mid400
72030,TOPIX Core30
72050,TOPIX Mid400
72110,TOPIX Mid400
72120,TOPIX Small 2
72130,TOPIX Small 2
72200,TOPIX Small 1
72220,TOPIX Small 2
72240,TOPIX Small 1
72260,TOPIX Small 1
72310,TOPIX Small 2
72360,TOPIX Small 2
72380,TOPIX Small 2
72390,TOPIX Small 1
72400,TOPIX Mid400
72410,TOPIX Small 2
72420,TOPIX Small 1
72440,TOPIX Small 2
72450,TOPIX Small 2
72460,TOPIX Small 1
72470,TOPIX Small 2
72500,TOPIX Small 1
72560,TOPIX Small 2
72590,TOPIX Mid400
72610,TOPIX Mid400
72660,TOPIX Small 2
72670,TOPIX Core30
72690,TOPIX Large70
72700,TOPIX Large70
72710,TOPIX Small 2
72720,TOPIX Mid400
72760,TOPIX Mid400
72770,TOPIX Small 2
72780,TOPIX Small 1
72800,TOPIX Small 2
72820,TOPIX Mid400
72830,TOPIX Small 2
72940,TOPIX Small 2
72960,TOPIX Small 1
73090,TOPIX Large70
73130,TOPIX Mid400
73220,TOPIX Small 2
73270,TOPIX Small 1
73370,TOPIX Mid400
73470,TOPIX Small 2
73500,TOPIX Small 1
73540,TOPIX Small 1
73580,TOPIX Small 2
73660,TOPIX Small 1
73800,TOPIX Small 1
73810,TOPIX Small 1
73830,TOPIX Small 1
73840,TOPIX Small 2
73890,TOPIX Small 1
74080,TOPIX Small 2
74140,TOPIX Small 2
74190,TOPIX Small 1
74200,TOPIX Small 2
74210,TOPIX Small 1
74330,TOPIX Small 1
74380,TOPIX Small 2
74450,TOPIX Small 2
74470,TOPIX Small 2
74530,TOPIX Mid400
74550,TOPIX Small 2
74560,TOPIX Small 1
74580,TOPIX Mid400
74590,TOPIX Mid400
74660,TOPIX Small 2
74670,TOPIX Small 2
74750,TOPIX Small 2
74760,TOPIX Mid400
74820,TOPIX Small 2
74830,TOPIX Small 2
74870,TOPIX Small 2
74940,TOPIX Small 2
75040,TOPIX Small 2
75080,TOPIX Small 1
75100,TOPIX Small 2
75130,TOPIX Small 2
75140,TOPIX Small 2
75160,TOPIX Small 1
75180,TOPIX Mid400
75200,TOPIX Small 2
75220,TOPIX Small 2
75250,TOPIX Small 2
75270,TOPIX Small 2
75320,TOPIX Mid400
75370,TOPIX Small 2
75450,TOPIX Small 1
75500,TOPIX Mid400
75520,TOPIX Small 2
75540,TOPIX Small 2
75610,TOPIX Small 2
75700,TOPIX Small 2
75750,TOPIX Small 1
75810,TOPIX Small 1
75900,TOPIX Small 2
75930,TOPIX Small 1
75950,TOPIX Small 2
75960,TOPIX Small 2
75990,TOPIX Small 1
76000,TOPIX Small 2
76050,TOPIX Small 2
76060,TOPIX Small 1
76070,TOPIX Small 2
76090,TOPIX Small 2
76110,TOPIX Small 1
76130,TOPIX Small 1
76160,TOPIX Mid400
76180,TOPIX Small 2
76280,TOPIX Small 2
76300,TOPIX Small 1
76370,TOPIX Small 2
76490,TOPIX Mid400
76790,TOPIX Small 2
77010,TOPIX Mid400
77020,TOPIX Small 2
77150,TOPIX Small 2
77170,TOPIX Small 1
77180,TOPIX Small 1
77210,TOPIX Small 2
77230,TOPIX Small 2
77250,TOPIX Small 2
77270,TOPIX Small 2
77290,TOPIX Small 1
77300,TOPIX Mid400
77310,TOPIX Mid400
77320,TOPIX Mid400
77330,TOPIX Large70
77340,TOPIX Small 1
77350,TOPIX Mid400
77390,TOPIX Small 2
77400,TOPIX Small 1
77410,TOPIX Core30
77430,TOPIX Small 2
77440,TOPIX Small 1
77450,TOPIX Small 2
77470,TOPIX Mid400
77510,TOPIX Large70
77520,TOPIX Mid400
77620,TOPIX Small 1
77690,TOPIX Small 2
77750,TOPIX Small 2
77800,TOPIX Mid400
78110,TOPIX Small 2
78160,TOPIX Small 1
78170,TOPIX Small 1
78180,TOPIX Small 2
78190,TOPIX Small 2
78200,TOPIX Small 2
78210,TOPIX Small 1
78230,TOPIX Small 2
78320,TOPIX Large70
78390,TOPIX Small 1
78400,TOPIX Small 2
78440,TOPIX Small 2
78460,TOPIX Mid400
78560,TOPIX Small 2
78600,TOPIX Small 1
78640,TOPIX Small 1
78670,TOPIX Small 1
78680,TOPIX Small 2
78740,TOPIX Small 2
78880,TOPIX Small 2
78930,TOPIX Small 2
79050,TOPIX Small 2
79110,TOPIX Mid400
79120,TOPIX Mid400
79140,TOPIX Small 2
79150,TOPIX Small 1
79170,TOPIX Small 2
79180,TOPIX Small 2
79210,TOPIX Small 2
79250,TOPIX Small 2
79310,TOPIX Small 2
79360,TOPIX Mid400
79420,TOPIX Small 2
79430,TOPIX Small 1
79440,TOPIX Small 1
79470,TOPIX Mid400
79490,TOPIX Small 2
79510,TOPIX Mid400
79520,TOPIX Small 2
79550,TOPIX Small 2
79560,TOPIX Mid400
79580,TOPIX Small 2
79620,TOPIX Small 2
79650,TOPIX Small 1
79660,TOPIX Mid400
79700,TOPIX Small 1
79710,TOPIX Small 2
79720,TOPIX Small 2
79740,TOPIX Core30
79760,TOPIX Small 1
79790,TOPIX Small 2
79810,TOPIX Small 1
79840,TOPIX Mid400
79870,TOPIX Small 2
79880,TOPIX Mid400
79890,TOPIX Small 2
79900,TOPIX Small 1
79940,TOPIX Small 1
79950,TOPIX Small 1
80010,TOPIX Core30
80020,TOPIX Large70
80050,TOPIX Small 1
80070,TOPIX Small 2
80080,TOPIX Small 1
80110,TOPIX Small 2
80120,TOPIX Mid400
80140,TOPIX Small 2
80150,TOPIX Mid400
80160,TOPIX Small 1
80200,TOPIX Small 1
80220,TOPIX Small 1
80310,TOPIX Core30
80320,TOPIX Small 2
80350,TOPIX Core30
80370,TOPIX Small 2
80430,TOPIX Small 2
80500,TOPIX Small 1
80510,TOPIX Small 1
80520,TOPIX Small 2
80530,TOPIX Large70
80560,TOPIX Mid400
80570,TOPIX Small 1
80580,TOPIX Core30
80590,TOPIX Small 2
80600,TOPIX Mid400
80610,TOPIX Small 2
80650,TOPIX Small 2
80680,TOPIX Small 1
80700,TOPIX Small 2
80740,TOPIX Small 1
80750,TOPIX Small 2
80770,TOPIX Small 2
80780,TOPIX Small 1
80790,TOPIX Small 1
80810,TOPIX Small 2
80840,TOPIX Small 2
80860,TOPIX Mid400
80880,TOPIX Mid400
80910,TOPIX Small 2
80930,TOPIX Small 2
80950,TOPIX Small 2
80960,TOPIX Small 2
80970,TOPIX Small 1
80980,TOPIX Small 1
81010,TOPIX Small 2
81030,TOPIX Small 2
81110,TOPIX Mid400
81130,TOPIX Large70
81140,TOPIX Small 1
81250,TOPIX Small 2
81290,TOPIX Mid400
81300,TOPIX Small 1
81320,TOPIX Small 2
81330,TOPIX Small 1
81360,TOPIX Mid400
81370,TOPIX Small 2
81400,TOPIX Small 2
81410,TOPIX Small 2
81420,TOPIX Small 2
81500,TOPIX Small 2
81510,TOPIX Small 2
81530,TOPIX Small 1
81540,TOPIX Small 1
81550,TOPIX Small 1
81570,TOPIX Small 2
81580,TOPIX Small 2
81590,TOPIX Small 2
81600,TOPIX Small 1
81630,TOPIX Small 2
81650,TOPIX Small 2
81670,TOPIX Small 1
81680,TOPIX Small 2
81730,TOPIX Small 1
81740,TOPIX Mid400
81790,TOPIX Small 1
81820,TOPIX Small 2
81850,TOPIX Small 2
81940,TOPIX Small 1
82000,TOPIX Small 1
82030,TOPIX Small 2
82140,TOPIX Small 1
82170,TOPIX Small 2
82180,TOPIX Small 1
82190,TOPIX Small 1
82270,TOPIX Mid400
82330,TOPIX Mid400
82370,TOPIX Small 2
82420,TOPIX Small 1
82520,TOPIX Mid400
82530,TOPIX Mid400
82550,TOPIX Small 2
82670,TOPIX Large70
82730,TOPIX Mid400
82750,TOPIX Small 2
82760,TOPIX Small 1
82780,TOPIX Small 1
82790,TOPIX Mid400
82810,TOPIX Small 1
82820,TOPIX Mid400
82830,TOPIX Mid400
82850,TOPIX Small 2
82910,TOPIX Small 2
83040,TOPIX Mid400
83060,TOPIX Core30
83080,TOPIX Large70
83090,TOPIX Large70
83160,TOPIX Core30
83310,TOPIX Mid400
83340,TOPIX Mid400
83360,TOPIX Small 1
83370,TOPIX Small 2
83380,TOPIX Small 2
83410,TOPIX Small 1
83430,TOPIX Small 2
83440,TOPIX Small 2
83450,TOPIX Small 2
83460,TOPIX Small 2
83540,TOPIX Mid400
83580,TOPIX Small 1
83590,TOPIX Mid400
83600,TOPIX Small 2
83610,TOPIX Small 1
83620,TOPIX Small 2
83640,TOPIX Small 2
83660,TOPIX Small 1
83670,TOPIX Small 1
83680,TOPIX Small 1
83690,TOPIX Mid400
83700,TOPIX Small 1
83770,TOPIX Mid400
83810,TOPIX Small 1
83860,TOPIX Small 2
83870,TOPIX Small 2
83880,TOPIX Small 1
83920,TOPIX Small 2
83930,TOPIX Small 2
83950,TOPIX Small 2
83990,TOPIX Small 2
84100,TOPIX Mid400
84110,TOPIX Core30
84180,TOPIX Mid400
84240,TOPIX Small 1
84250,TOPIX Small 1
84390,TOPIX Mid400
84730,TOPIX Mid400
85110,TOPIX Small 1
85150,TOPIX Small 1
85220,TOPIX Small 1
85240,TOPIX Small 1
85410,TOPIX Small 2
85440,TOPIX Small 1
85500,TOPIX Small 2
85510,TOPIX Small 2
85580,TOPIX Small 2
85660,TOPIX Small 1
85700,TOPIX Mid400
85840,TOPIX Small 1
85850,TOPIX Small 1
85910,TOPIX Large70
85930,TOPIX Mid400
85950,TOPIX Mid400
86000,TOPIX Small 2
86010,TOPIX Mid400
86040,TOPIX Large70
86090,TOPIX Small 1
86130,TOPIX Small 2
86140,TOPIX Small 2
86160,TOPIX Small 1
86220,TOPIX Small 2
86240,TOPIX Small 2
86280,TOPIX Small 1
86300,TOPIX Large70
86970,TOPIX Large70
86980,TOPIX Small 1
87060,TOPIX Small 2
87070,TOPIX Small 2
87080,TOPIX Small 2
87130,TOPIX Small 2
87140,TOPIX Small 1
87150,TOPIX Small 1
87250,TOPIX Large70
87320,TOPIX Small 2
87390,TOPIX Small 2
87500,TOPIX Large70
87660,TOPIX Core30
87690,TOPIX Small 2
87710,TOPIX Small 1
87930,TOPIX Small 2
87950,TOPIX Mid400
87980,TOPIX Small 2
88010,TOPIX Large70
88020,TOPIX Large70
88030,TOPIX Small 1
88040,TOPIX Mid400
88180,TOPIX Small 1
88300,TOPIX Large70
88420,TOPIX Small 2
88480,TOPIX Small 1
88500,TOPIX Small 1
88600,TOPIX Small 2
88640,TOPIX Small 2
88690,TOPIX Small 2
88710,TOPIX Small 2
88760,TOPIX Mid400
88770,TOPIX Small 2
88810,TOPIX Small 2
88920,TOPIX Small 1
88970,TOPIX Small 2
89040,TOPIX Small 2
89050,TOPIX Mid400
89170,TOPIX Small 2
89190,TOPIX Small 1
89230,TOPIX Small 1
89340,TOPIX Small 1
89350,TOPIX Small 2
89400,TOPIX Small 2
89450,TOPIX Small 2
89990,TOPIX Small 2
90010,TOPIX Mid400
90030,TOPIX Mid400
90050,TOPIX Mid400
90060,TOPIX Mid400
90070,TOPIX Mid400
90080,TOPIX Mid400
90090,TOPIX Mid400
90100,TOPIX Small 1
90200,TOPIX Large70
90210,TOPIX Large70
90220,TOPIX Large70
90240,TOPIX Mid400
90250,TOPIX Small 2
90310,TOPIX Mid400
90370,TOPIX Small 2
90390,TOPIX Small 1
90410,TOPIX Mid400
90420,TOPIX Mid400
90440,TOPIX Mid400
90450,TOPIX Mid400
90460,TOPIX Small 2
90480,TOPIX Mid400
90520,TOPIX Small 2
90550,TOPIX Small 2
90580,TOPIX Small 1
90640,TOPIX Mid400
90650,TOPIX Mid400
90660,TOPIX Small 2
90680,TOPIX Small 2
90690,TOPIX Small 1
90700,TOPIX Small 2
90720,TOPIX Mid400
90750,TOPIX Small 1
90760,TOPIX Mid400
90810,TOPIX Small 2
90860,TOPIX Mid400
90900,TOPIX Small 1
90990,TOPIX Small 2
91010,TOPIX Large70
91040,TOPIX Mid400
91070,TOPIX Mid400
91100,TOPIX Small 1
91190,TOPIX Small 1
91420,TOPIX Mid400
91430,TOPIX Mid400
91470,TOPIX Mid400
92010,TOPIX Mid400
92020,TOPIX Large70
92160,TOPIX Small 2
92470,TOPIX Small 1
92480,TOPIX Small 2
92600,TOPIX Small 2
92620,TOPIX Small 2
92670,TOPIX Small 1
92730,TOPIX Small 2
92740,TOPIX Small 2
92780,TOPIX Small 2
92790,TOPIX Small 2
93010,TOPIX Mid400
93020,TOPIX Small 1
93030,TOPIX Small 1
93040,TOPIX Small 2
93050,TOPIX Small 2
93100,TOPIX Small 2
93190,TOPIX Small 2
93240,TOPIX Small 2
93250,TOPIX Small 2
93510,TOPIX Small 2
93640,TOPIX Mid400
93810,TOPIX Small 2
93840,TOPIX Small 2
93850,TOPIX Small 2
93860,TOPIX Small 2
94010,TOPIX Mid400
94040,TOPIX Mid400
94050,TOPIX Small 2
94090,TOPIX Small 1
94120,TOPIX Small 1
94130,TOPIX Small 2
94160,TOPIX Small 1
94180,TOPIX Small 1
94190,TOPIX Small 2
94220,TOPIX Small 2
94240,TOPIX Small 1
94320,TOPIX Core30
94330,TOPIX Core30
94340,TOPIX Core30
94350,TOPIX Mid400
94380,TOPIX Small 2
94490,TOPIX Mid400
94500,TOPIX Small 2
94680,TOPIX Mid400
94700,TOPIX Small 1
94740,TOPIX Small 2
95010,TOPIX Mid400
95020,TOPIX Mid400
95030,TOPIX Mid400
95040,TOPIX Mid400
95050,TOPIX Mid400
95060,TOPIX Mid400
95070,TOPIX Mid400
95080,TOPIX Mid400
95090,TOPIX Mid400
95110,TOPIX Small 1
95130,TOPIX Mid400
95140,TOPIX Small 2
95170,TOPIX Small 1
95190,TOPIX Small 1
95310,TOPIX Mid400
95320,TOPIX Mid400
95330,TOPIX Mid400
95340,TOPIX Small 2
95350,TOPIX Small 2
95360,TOPIX Small 2
95430,TOPIX Small 1
95510,TOPIX Small 1
96000,TOPIX Small 2
96010,TOPIX Mid400
96020,TOPIX Mid400
96030,TOPIX Small 1
96050,TOPIX Small 1
96120,TOPIX Small 2
96130,TOPIX Mid400
96160,TOPIX Mid400
96190,TOPIX Small 2
96210,TOPIX Small 2
96220,TOPIX Small 2
96270,TOPIX Mid400
96280,TOPIX Small 2
96290,TOPIX Small 2
96440,TOPIX Small 2
96580,TOPIX Small 2
96630,TOPIX Small 1
96720,TOPIX Small 1
96780,TOPIX Small 1
96820,TOPIX Small 1
96840,TOPIX Mid400
96920,TOPIX Small 1
96970,TOPIX Mid400
96990,TOPIX Small 1
97020,TOPIX Small 2
97060,TOPIX Mid400
97150,TOPIX Small 1
97160,TOPIX Small 1
97170,TOPIX Small 2
97190,TOPIX Mid400
97220,TOPIX Small 2
97280,TOPIX Small 1
97290,TOPIX Small 2
97350,TOPIX Large70
97390,TOPIX Small 2
97400,TOPIX Small 1
97420,TOPIX Small 2
97430,TOPIX Small 1
97440,TOPIX Mid400
97460,TOPIX Small 1
97490,TOPIX Small 1
97550,TOPIX Small 2
97570,TOPIX Small 1
97590,TOPIX Small 1
97650,TOPIX Small 2
97660,TOPIX Mid400
97690,TOPIX Small 2
97830,TOPIX Mid400
97870,TOPIX Small 1
97880,TOPIX Small 2
97900,TOPIX Small 1
97930,TOPIX Small 1
97950,TOPIX Small 2
98100,TOPIX Small 1
98240,TOPIX Small 2
98300,TOPIX Small 1
98310,TOPIX Mid400
98320,TOPIX Mid400
98370,TOPIX Small 2
98420,TOPIX Small 1
98430,TOPIX Large70
98500,TOPIX Small 2
98610,TOPIX Mid400
98690,TOPIX Small 1
98800,TOPIX Small 2
98820,TOPIX Small 1
98870,TOPIX Small 2
98890,TOPIX Small 2
98960,TOPIX Small 2
99000,TOPIX Small 1
99020,TOPIX Small 2
99280,TOPIX Small 1
99320,TOPIX Small 2
99340,TOPIX Small 1
99360,TOPIX Small 1
99450,TOPIX Small 1
99460,TOPIX Small 2
99480,TOPIX Small 1
99560,TOPIX Small 1
99600,TOPIX Small 2
99620,TOPIX Mid400
99740,TOPIX Small 1
99830,TOPIX Large70
99840,TOPIX Core30
99870,TOPIX Mid400
99890,TOPIX Mid400
99900,TOPIX Small 2
99910,TOPIX Small 2
99950,TOPIX Small 2
99970,TOPIX Small 1
13760,TOPIX Small 2
13840,TOPIX Small 2
14200,TOPIX Small 2
14460,TOPIX Small 2
15140,TOPIX Small 2
17170,TOPIX Small 2
17680,TOPIX Small 2
18110,TOPIX Small 2
18260,TOPIX Small 2
18270,TOPIX Small 2
18480,TOPIX Small 2
18660,TOPIX Small 2
18670,TOPIX Small 2
19090,TOPIX Small 2
19140,TOPIX Small 2
19210,TOPIX Small 2
19670,TOPIX Small 2
19720,TOPIX Small 2
20030,TOPIX Small 2
20090,TOPIX Small 2
21070,TOPIX Small 2
21120,TOPIX Small 2
21390,TOPIX Small 2
21690,TOPIX Small 2
21930,TOPIX Small 2
22150,TOPIX Small 2
22860,TOPIX Small 2
23760,TOPIX Small 2
24850,TOPIX Small 2
24870,TOPIX Small 2
25970,TOPIX Small 2
25990,TOPIX Small 2
26120,TOPIX Small 2
26860,TOPIX Small 2
26870,TOPIX Small 2
26890,TOPIX Small 2
26980,TOPIX Small 2
28120,TOPIX Small 2
28190,TOPIX Small 2
28830,TOPIX Small 2
29240,TOPIX Small 2
30010,TOPIX Small 2
30040,TOPIX Small 2
30230,TOPIX Small 2
30790,TOPIX Small 2
30820,TOPIX Small 2
31570,TOPIX Small 2
31590,TOPIX Small 2
31600,TOPIX Small 2
31680,TOPIX Small 2
31690,TOPIX Small 2
31720,TOPIX Small 2
31750,TOPIX Small 2
31780,TOPIX Small 2
32020,TOPIX Small 2
32040,TOPIX Small 2
32050,TOPIX Small 2
32220,TOPIX Small 1
32460,TOPIX Small 2
32540,TOPIX Small 1
32710,TOPIX Small 2
32770,TOPIX Small 2
32800,TOPIX Small 2
32940,TOPIX Small 2
33210,TOPIX Small 2
33610,TOPIX Small 2
33920,TOPIX Small 2
33960,TOPIX Small 2
34210,TOPIX Small 2
34340,TOPIX Small 2
34470,TOPIX Small 2
35120,TOPIX Small 2
35130,TOPIX Small 2
35240,TOPIX Small 2
35470,TOPIX Small 2
35510,TOPIX Small 2
35530,TOPIX Small 2
35710,TOPIX Small 2
35770,TOPIX Small 2
36070,TOPIX Small 2
36390,TOPIX Small 2
36400,TOPIX Small 2
36480,TOPIX Small 2
36670,TOPIX Small 2
36720,TOPIX Small 2
36820,TOPIX Small 2
36860,TOPIX Small 2
37700,TOPIX Small 2
37840,TOPIX Small 2
38260,TOPIX Small 2
38520,TOPIX Small 2
38780,TOPIX Small 2
38960,TOPIX Small 2
39090,TOPIX Small 2
39200,TOPIX Small 2
39650,TOPIX Small 2
39690,TOPIX Small 2
40310,TOPIX Small 2
42310,TOPIX Small 2
42380,TOPIX Small 2
43120,TOPIX Small 2
43190,TOPIX Small 2
44040,TOPIX Small 2
44060,TOPIX Small 2
44300,TOPIX Small 2
44400,TOPIX Small 2
45120,TOPIX Small 2
45310,TOPIX Small 2
45810,TOPIX Mid400
46150,TOPIX Small 2
46780,TOPIX Small 2
46790,TOPIX Small 2
47160,TOPIX Mid400
47280,TOPIX Small 2
47460,TOPIX Small 2
47620,TOPIX Small 2
48290,TOPIX Small 2
49260,TOPIX Small 2
49920,TOPIX Small 2
49940,TOPIX Small 2
50090,TOPIX Small 2
50130,TOPIX Small 2
50150,TOPIX Small 2
51870,TOPIX Small 2
52040,TOPIX Small 2
52100,TOPIX Small 2
52180,TOPIX Small 2
52730,TOPIX Small 2
53370,TOPIX Small 2
53630,TOPIX Small 2
53880,TOPIX Small 2
53910,TOPIX Small 2
54490,TOPIX Small 2
54640,TOPIX Small 2
54760,TOPIX Small 2
56030,TOPIX Small 2
56120,TOPIX Small 2
56580,TOPIX Small 2
57210,TOPIX Small 2
58070,TOPIX Small 2
58190,TOPIX Small 2
59090,TOPIX Small 2
59230,TOPIX Small 2
59360,TOPIX Small 2
59420,TOPIX Small 2
59510,TOPIX Small 2
59580,TOPIX Small 2
59860,TOPIX Small 2
59980,TOPIX Small 2
60290,TOPIX Small 2
60320,TOPIX Small 2
60370,TOPIX Small 2
60440,TOPIX Small 2
60480,TOPIX Small 2
60590,TOPIX Small 2
60830,TOPIX Small 2
61210,TOPIX Small 2
61380,TOPIX Small 2
61750,TOPIX Small 2
61860,TOPIX Small 2
62050,TOPIX Small 2
62080,TOPIX Small 2
62170,TOPIX Small 2
62360,TOPIX Small 2
62920,TOPIX Small 2
63160,TOPIX Small 2
63190,TOPIX Small 2
63250,TOPIX Small 2
63350,TOPIX Small 2
63550,TOPIX Small 2
63560,TOPIX Small 2
63620,TOPIX Small 2
63730,TOPIX Small 2
63780,TOPIX Small 2
63930,TOPIX Small 2
64890,TOPIX Small 2
65050,TOPIX Small 2
65130,TOPIX Small 2
65400,TOPIX Small 2
65460,TOPIX Small 2
65470,TOPIX Small 2
65510,TOPIX Small 2
65520,TOPIX Small 2
65550,TOPIX Small 2
66540,TOPIX Small 2
67150,TOPIX Small 2
67300,TOPIX Small 2
67480,TOPIX Small 2
67710,TOPIX Small 2
68030,TOPIX Small 2
68480,TOPIX Small 2
68550,TOPIX Small 2
68580,TOPIX Small 2
68770,TOPIX Small 2
69010,TOPIX Small 2
69150,TOPIX Small 2
69260,TOPIX Small 2
69270,TOPIX Small 2
69380,TOPIX Small 2
69730,TOPIX Small 2
70140,TOPIX Small 1
70220,TOPIX Small 2
71050,TOPIX Small 1
71220,TOPIX Small 2
71270,TOPIX Small 2
71500,TOPIX Small 2
71610,TOPIX Small 2
71830,TOPIX Small 2
71920,TOPIX Small 2
72140,TOPIX Small 2
72150,TOPIX Small 2
72840,TOPIX Small 2
72910,TOPIX Small 2
73050,TOPIX Small 2
74160,TOPIX Small 2
74170,TOPIX Small 2
74270,TOPIX Small 2
74420,TOPIX Small 2
74510,TOPIX Small 1
74630,TOPIX Small 2
74800,TOPIX Small 2
74810,TOPIX Small 2
75060,TOPIX Small 2
75120,TOPIX Small 2
75240,TOPIX Small 2
76010,TOPIX Small 2
76080,TOPIX Small 2
76150,TOPIX Small 2
76190,TOPIX Small 2
76400,TOPIX Small 2
76460,TOPIX Small 2
76730,TOPIX Small 2
77090,TOPIX Small 2
77820,TOPIX Small 2
77950,TOPIX Small 2
78220,TOPIX Small 2
78330,TOPIX Small 2
78720,TOPIX Small 2
78850,TOPIX Small 2
78970,TOPIX Small 2
78980,TOPIX Small 2
79080,TOPIX Small 2
79160,TOPIX Small 2
79370,TOPIX Small 2
79400,TOPIX Small 2
79610,TOPIX Small 2
79990,TOPIX Small 2
80130,TOPIX Small 2
80180,TOPIX Small 2
80250,TOPIX Small 2
80290,TOPIX Small 2
80380,TOPIX Small 2
80410,TOPIX Small 2
80890,TOPIX Small 2
81040,TOPIX Small 2
81070,TOPIX Small 2
81180,TOPIX Small 2
81270,TOPIX Small 2
81310,TOPIX Small 2
81660,TOPIX Small 2
81810,TOPIX Small 2
82070,TOPIX Small 2
82300,TOPIX Small 2
82440,TOPIX Small 2
82600,TOPIX Small 2
82890,TOPIX Small 2
83030,TOPIX Mid400
83490,TOPIX Small 2
83650,TOPIX Small 2
83830,TOPIX Small 2
84160,TOPIX Small 2
85180,TOPIX Small 2
85210,TOPIX Small 2
85370,TOPIX Small 2
85420,TOPIX Small 2
85620,TOPIX Small 2
85630,TOPIX Small 2
85720,TOPIX Mid400
85960,TOPIX Small 2
86170,TOPIX Small 2
87420,TOPIX Small 2
87720,TOPIX Small 2
88350,TOPIX Small 2
88410,TOPIX Small 2
89080,TOPIX Small 2
89180,TOPIX Small 2
89200,TOPIX Small 2
89280,TOPIX Small 2
89440,TOPIX Small 2
90670,TOPIX Small 2
90740,TOPIX Small 2
90780,TOPIX Small 2
91150,TOPIX Small 2
91300,TOPIX Small 2
92320,TOPIX Small 2
92650,TOPIX Small 2
92750,TOPIX Small 2
93060,TOPIX Small 2
93080,TOPIX Small 2
93120,TOPIX Small 2
93220,TOPIX Small 2
93660,TOPIX Small 2
93680,TOPIX Small 2
93690,TOPIX Small 2
93800,TOPIX Small 2
94140,TOPIX Small 2
94170,TOPIX Small 2
94280,TOPIX Small 2
94660,TOPIX Small 2
94750,TOPIX Small 2
94790,TOPIX Small 2
96320,TOPIX Small 2
96330,TOPIX Small 2
96750,TOPIX Small 2
97040,TOPIX Small 2
97260,TOPIX Small 2
97310,TOPIX Small 2
97600,TOPIX Small 2
97630,TOPIX Small 2
97680,TOPIX Small 2
98280,TOPIX Small 2
98540,TOPIX Small 2
98560,TOPIX Small 2
98720,TOPIX Small 2
99190,TOPIX Small 2
99300,TOPIX Small 2
99720,TOPIX Small 2
99790,TOPIX Small 2
99820,TOPIX Small 2
99860,TOPIX Small 2
99930,TOPIX Small 2
99940,TOPIX Small 2
